{"train_losses": [0.09981183297961004, 0.05866652747903288, 0.053134612571722216, 0.050186566113963965, 0.04837553768680596, 0.047199984687783754, 0.04636877446235565, 0.04572431498447377, 0.045199730442901806, 0.04475804259618246, 0.0443715404554636, 0.04403281638919614, 0.04372652549091741, 0.04345082170182102, 0.043199008906377, 0.04297190867681821, 0.042762853349483265, 0.042572783671267544, 0.04239042233719002, 0.04222225640791502, 0.04206535280166348, 0.041908360077003284, 0.04176564605821481, 0.04164739121631723, 0.0415238507328617, 0.0413740683811566, 0.041227420501982304, 0.041136934187502756, 0.040995422880562765, 0.04088014738214376, 0.04078884976811413, 0.040660393344257154, 0.040561790629286436, 0.04047542755036831, 0.04036558405038093, 0.04025740626013436, 0.04016602239019643, 0.04006794948018308, 0.039975185850440395, 0.0398966370281741, 0.039806324322033446, 0.03972779020470856, 0.03964679643777246, 0.03958192876288357, 0.039466719552124316, 0.03938086964565132, 0.039341975110247555, 0.0392562317742016, 0.03918683516203572, 0.03911756234146845, 0.03904157661126622, 0.03901135332818922, 0.7104678841568904, 0.7104678841568904, 0.7104678841568904, 0.7104678841568904, 0.7104678841568904, 0.7104678841568904, 0.7104678841568904, 0.7104678841568904, 1.1204216208894708, 1.0033343694036456, 1.0002814017461308, 1.003163885299223, 1.0009122537629351, 1.002252599176836, 1.0020544483599785, 1.0029611192891803, 0.03900639439257054, 0.03888688742606609, 0.03880633466886421, 0.03873794992749401, 0.03867510432055715], "val_losses": [0.0506734320655807, 0.043192718595615145, 0.04015314244652587, 0.03836703351668432, 0.037209705044234195, 0.03639741689867913, 0.03579427700851314, 0.03533257533705847, 0.03496073204349273, 0.03464897634343805, 0.03437306141750446, 0.034137570621989966, 0.03391400451301376, 0.03372516985524689, 0.03356216538863906, 0.03341885117350626, 0.03328087138192727, 0.03317825213534458, 0.03306718585165884, 0.03298373927824965, 0.03289189208899079, 0.03282553495052992, 0.03276314317189089, 0.032661302267491976, 0.03249573846439581, 0.03249334745332824, 0.03238073863742922, 0.03238041938374348, 0.0323423581874768, 0.032295860235449836, 0.03216611616875886, 0.0320476009402335, 0.03212869848696928, 0.03199517963795514, 0.03207535307091143, 0.03191124889907302, 0.03182712002567985, 0.031847901646699296, 0.03187255351493396, 0.03180976462878587, 0.03177100585208156, 0.03188856170989507, 0.03170765067471161, 0.03171448281923249, 0.03176711200452217, 0.0316441700999048, 0.03167408393408624, 0.03171680540716561, 0.0315884985325067, 0.031840163472325995, 0.031596384532850394, 0.031685210967387634, 0.0315884985325067, 0.0315884985325067, 0.0315884985325067, 0.0315884985325067, 0.0315884985325067, 0.0315884985325067, 0.0315884985325067, 0.0315884985325067, 0.6891240615011845, 0.7149404350899173, 0.6983484622384515, 0.7231113999575146, 0.7333640332165998, 0.7517238770971071, 0.721369626042824, 0.8342812176056259, 0.031450203201638736, 0.03146407616844782, 0.03147754733245376, 0.03148788225066543, 0.031491564810904156], "GPU_NUM": 0, "batch_size": 1, "num_epochs": 8, "lr": 5e-06, "report_interval": 10, "net_name": "VarNet", "optim": "Adam", "scheduler": "Plateau", "data_path_train": "/root/input/train", "data_path_val": "/root/input/val", "cascade": 2, "in_chans": 1, "out_chans": 1, "input_key": "kspace", "target_key": "image_label", "max_key": "max", "user": "JB", "exp_name": "VarNet_c1_1e-5", "load": "VarNet_c1_1e-5_best.pt", "transfer": "", "CV": null, "exp_dir": "result/JB/VarNet/checkpoints", "val_dir": "result/JB/VarNet/reconstructions_val", "json_dir": "result/JB/VarNet/jsons", "main_dir": "result/JB/VarNet/train.py"}