{"train_losses": [0.1126745434482247, 0.08656777790693562, 0.07871177827122593, 0.07378690729561649, 0.07049268290504225, 0.06808781471717108, 0.06613185317223144, 0.06456057557926931, 0.06343760484885727, 0.062393130393149955, 0.06151985347685847, 0.06069883476000651, 0.0599703875882443, 0.059316725576006896, 0.05878266602270565, 0.05808181663123748, 0.057610175034286254, 0.05716629564900409, 0.056687517813352864, 0.05626321737838179, 0.055850942007626844, 0.05545629135693862, 0.05508866318417259, 0.05489134027897067, 0.05446442069697546, 0.05420566421097227, 0.05379068007878527, 0.05342896272300844, 0.05311635323300992, 0.05290453547391427, 0.05290313621684736, 0.05290313621684736, 0.052437487583425924, 0.05226639777491098, 0.052061733402951414, 0.051850627857128594, 0.05167068184943321, 0.05147498514148863, 0.05166849390260028, 0.05113865452410173, 0.05105413693563014, 0.05096610848145806, 0.05081353801585682, 0.05095774336370128, 0.050551524848229924, 0.0507162285238297, 0.050575832203203455, 0.050446935845085195, 0.05012047498242761, 0.04999625129655453, 0.04996588680970973, 0.04974741200006755, 0.049968050278533085, 0.04860320224009644, 0.04815446210294754, 0.04800150095725004, 0.047890832833513586, 0.04779776343060203, 0.04771393993891032, 0.047636117846672606, 0.04756143101406761, 0.0474912318165507, 0.04742370611553679, 0.04735887271898805, 0.0472961769303147, 0.04723558514411377, 0.047176470889292846, 0.04709132959560562, 0.04703813155123363, 0.047020926691263294, 0.047008423821832075, 0.04699766940141222, 0.046987873772180826, 0.04697866506200379, 0.0469698192348613, 0.04696129743018449, 0.04695303630939492, 0.046944922609838145, 0.04693701247881294, 0.04692924243944704, 0.04692163199117178, 0.04691414033730456, 0.04690673484049927, 0.04689943693630103, 0.04689220887049168, 0.04688507470619927, 0.04687801522058013, 0.04687102059477167, 0.046864085158726455, 0.04685723850732613, 0.04685045809867487], "val_losses": [0.07701320268789814, 0.06585551620907976, 0.061017491086850666, 0.05846954715903606, 0.05406928298481534, 0.05278321527169123, 0.051271362544789804, 0.0500909573440621, 0.04946734130218826, 0.048750690719284215, 0.0483173459917648, 0.04764226000752933, 0.04702367416726294, 0.04635298759710643, 0.0459594466834779, 0.04548600833345286, 0.04518114024015082, 0.044764938422265366, 0.044362111699176955, 0.04434877992217861, 0.04410303113657932, 0.04373351353738377, 0.04349284792311298, 0.04333410508663855, 0.043107767185128286, 0.04304487510956441, 0.04289999282622632, 0.042629402882912844, 0.042556315126087006, 0.042459442890655404, 0.042235005832180816, 0.042235005832180816, 0.04221791078540079, 0.04216124558345087, 0.04207138159420431, 0.04197790294883636, 0.04197377291905489, 0.04179987619726175, 0.041921154199984025, 0.04184543466425959, 0.04193928585824301, 0.041715172190197734, 0.04171321947668402, 0.04158482951727707, 0.0418606002927049, 0.0416446015800981, 0.04149748928447408, 0.041770541248421854, 0.041778352928221026, 0.04200054122886407, 0.04196268720814386, 0.04257735269278013, 0.04172716872220217, 0.03973842909735647, 0.03965190089933748, 0.03961216693755756, 0.03959025181301756, 0.03957630606006218, 0.039568538750724136, 0.03956297619832298, 0.03955894439978465, 0.03955689453882156, 0.0395551410592463, 0.03955509466330273, 0.03955510925184342, 0.03955561622201829, 0.039555090148746676, 0.039388655159594964, 0.03937280789612834, 0.03936580836583552, 0.03936187736752048, 0.039359117303746936, 0.03935706307151727, 0.03935548986890743, 0.039354236039784635, 0.039353068318736334, 0.039351875729441134, 0.03935082971798344, 0.03934979994007595, 0.0393489188481803, 0.03934824217847903, 0.03934753002820568, 0.03934685509100581, 0.03934613287460026, 0.039345416581820516, 0.03934478669329759, 0.03934422496842617, 0.03934367351497681, 0.03934307040528762, 0.03934260542203555, 0.03934202428155458], "GPU_NUM": 0, "batch_size": 12, "num_epochs": 60, "lr": 0.0005, "report_interval": 43, "in_chans": 1, "out_chans": 1, "input_key": "image_input", "target_key": "image_label", "max_key": "max", "load": "newUnet_test02_epoch30.pt", "user": "JB", "exp_name": "newUnet_test02"}