{"train_losses": [0.14849379942201407, 0.1144619299198248, 0.10538048769094552, 0.10163643631193865, 0.09790718928843806, 0.09566377044553823, 0.09374799709032418, 0.09214737506587654, 0.09113150918013535, 0.08949354602123358, 0.08937919540914195, 0.0880262915330254, 0.0875046816060272, 0.08613365805619277, 0.08626760850096524, 0.08528422590198208, 0.08533780342464933, 0.084143044362212, 0.0838637390712021, 0.08427156138032882, 0.08329648166687471, 0.08247141107882258, 0.08303542037574432, 0.08246247300968923, 0.08253530241773742, 0.08175385316397364, 0.0818167319153965, 0.08177245299390186, 0.08153726565035756, 0.08104359896166419, 0.08107457553704212, 0.0805077612261761, 0.0813672947772971, 0.08063457211319643, 0.08111459597634052, 0.08072771550331204, 0.0801684790033752, 0.08050836529366655, 0.0803023214406591, 0.08048143782361201, 0.08010955988116165, 0.08003743189946681, 0.08021535563634885, 0.07970905566713372, 0.07947294064851482, 0.07936146848439617, 0.07997016536110792, 0.07974039540213387, 0.07885056858549538, 0.07954897183553249, 0.07912013287334044, 0.07909895939506123, 0.07892417797079772, 0.0789841835294135, 0.07855119685839058, 0.07906106342572347, 0.0789218811867132, 0.07895622051508963], "val_losses": [0.08706006649311192, 0.07759080412829747, 0.071603834268488, 0.07132770144266663, 0.06746090470428726, 0.06671010339610224, 0.06552709013517649, 0.06335798590487246, 0.06367294690497491, 0.0609520990086864, 0.060721875125721574, 0.05968418459842797, 0.05955551869280207, 0.05848937605456575, 0.05853237997301916, 0.058239594406500554, 0.05767963823313495, 0.05785841465124177, 0.05841713373441818, 0.056317905160593214, 0.05699788669163932, 0.056758751947579233, 0.056650535470799415, 0.05573170792501785, 0.056607835920892, 0.05495867634740115, 0.05524616254291623, 0.05648579363497472, 0.05586652140547504, 0.05516095224066612, 0.05623334469564817, 0.05613660860690877, 0.05594895747992628, 0.05511354550402072, 0.05453051352656471, 0.05492600356744534, 0.055445919458433496, 0.05473559364733359, 0.0543860870385359, 0.05470975917658947, 0.05578304638031101, 0.05315182663805779, 0.05582536634809835, 0.053821599751105724, 0.05369010985012384, 0.05640876252312169, 0.05557530884596362, 0.05332099310636187, 0.054289063037532455, 0.052988973451328254, 0.053703044110365604, 0.053850867900836395, 0.053686251407413496, 0.05427279703484552, 0.055010287510941135, 0.05274604004550869, 0.05404042254939707, 0.054130708379049], "GPU_NUM": 0, "batch_size": 12, "num_epochs": 45, "lr": 0.0001, "report_interval": 43, "net_name": "newUnet_16_7_0.1", "optim": "Adam", "scheduler": "Plateau", "data_path_train": "/root/input/train/image", "data_path_val": "/root/input/val/image", "in_chans": 1, "out_chans": 1, "input_key": "image_input", "target_key": "image_label", "max_key": "max", "load": "newUnet_test03_best.pt", "user": "JB", "exp_name": "newUnet_test03", "exp_dir": "result/JB/newUnet_16_7_0.1/checkpoints", "val_dir": "result/JB/newUnet_16_7_0.1/reconstructions_val", "json_dir": "result/JB/newUnet_16_7_0.1/jsons", "main_dir": "result/JB/newUnet_16_7_0.1/train.py"}